{
  "south": 36.18228381717492,
  "west": 127.246274272692,
  "north": 36.5006320360614,
  "east": 127.5601735257866
}